"group","specCode"
АК1-21,24.05.01_24
АК1-41,24.05.01_24
АК1-61,24.05.01_24
АК1-81,24.05.01_24
АК1-101,24.05.01_24
АК1-121,24.05.01_24
АК2-21,24.05.01_20
АК2-22,24.05.01_20
АК2-41,24.05.01_20
АК2-42,24.05.01_20
АК2-61,24.05.01_20
АК2-81,24.05.01_20
АК2-101,24.05.01_20
АК2-121,24.05.01_20
АК3-21Б,02.03.01_22
АК3-21М,02.04.01_22
АК3-41Б,02.03.01_22
АК3-41М,02.04.01_22
АК3-42М,02.04.01_21
АК3-61Б,02.03.01_22
АК3-81Б,02.03.01_22
АК4-21,24.05.06_22
АК4-41,24.05.06_22
АК4-61,24.05.06_22
АК4-62,24.05.06_22
АК4-81,24.05.06_22
АК4-82,24.05.06_22
АК4-101,24.05.06_22
АК4-102,24.05.06_22
АК4-121,24.05.06_22
БМТ1-21Б,12.03.04_01
БМТ1-22Б,12.03.04_01
БМТ1-21М,12.04.04_01
БМТ1-22М,12.04.04_02
БМТ1-21А,12.06.01_08
БМТ1-41Б,12.03.04_01
БМТ1-42Б,12.03.04_01
БМТ1-41М,12.04.04_01
БМТ1-42М,12.04.04_02
БМТ1-41А,12.06.01_08
БМТ1-61Б,12.03.04_01
БМТ1-62Б,12.03.04_01
БМТ1-61А,12.06.01_08
БМТ1-81Б,12.03.04_01
БМТ1-82Б,12.03.04_01
БМТ1-81А,12.06.01_08
БМТ2-21Б,12.03.04_02
БМТ2-22Б,12.03.04_02
БМТ2-23Б,12.03.04_02
БМТ2-21М,12.04.04_03
БМТ2-22М,12.04.04_03
БМТ2-21А,12.06.01_09
БМТ2-22А,12.06.01_59
БМТ2-41Б,12.03.04_02
БМТ2-42Б,12.03.04_02
БМТ2-43Б,12.03.04_02
БМТ2-41М,12.04.04_03
БМТ2-42М,12.04.04_03
БМТ2-61Б,12.03.04_02
БМТ2-62Б,12.03.04_02
БМТ2-63Б,12.03.04_02
БМТ2-61А,12.06.01_09
БМТ2-81Б,12.03.04_02
БМТ2-82Б,12.03.04_02
БМТ2-83Б,12.03.04_02
БМТ2-81А,12.06.01_09
БМТ4-21М,12.04.04_04
БМТ4-41М,12.04.04_04
БМТ4-61А,12.06.01_10
БМТ4-81А,12.06.01_10
ИБМ1-22Б,38.03.01_01
ИБМ1-21М,38.04.02_01
ИБМ1-21А,38.06.01_08
ИБМ1-22А,38.06.01_58
ИБМ1-41Б,38.03.02_01
ИБМ1-42Б,38.03.01_01
ИБМ1-41М,38.04.02_01
ИБМ1-42А,38.06.01_58
ИБМ1-61Б,38.03.02_01
ИБМ1-62Б,38.03.01_01
ИБМ1-61А,38.06.01_58
ИБМ1-81Б,38.03.02_01
ИБМ1-82Б,38.03.01_01
ИБМ1-82А,38.06.01_58
ИБМ2-21Б,27.03.05_02
ИБМ2-22Б,27.03.05_02
ИБМ2-21М,27.04.06_02
ИБМ2-22М,24.04.01_05
ИБМ2-21А,25.06.01_02
ИБМ2-22А,27.06.01_02
ИБМ2-23А,38.06.01_66
ИБМ2-41Б,27.03.05_02
ИБМ2-42Б,27.03.05_02
ИБМ2-41М,27.04.06_02
ИБМ2-41А,27.06.01_02
ИБМ2-61Б,27.03.05_02
ИБМ2-62Б,27.03.05_02
ИБМ2-61А,38.06.01_02
ИБМ2-81Б,27.03.05_02
ИБМ2-82Б,27.03.05_02
ИБМ2-83А,38.06.01_66
ИБМ3-21Б,27.03.05_03
ИБМ3-22Б,27.03.05_03
ИБМ3-23Б,38.03.02_03
ИБМ3-21М,27.04.06_09
ИБМ3-22М,01.04.04_04
ИБМ3-23М,27.04.07_01
ИБМ3-21А,27.06.01_03
ИБМ3-23А,38.06.01_67
ИБМ3-24А,38.06.01_53
ИБМ3-41Б,27.03.05_03
ИБМ3-42Б,27.03.05_03
ИБМ3-43Б,38.03.02_03
ИБМ3-41М,27.04.06_09
ИБМ3-42М,01.04.04_04
ИБМ3-48М,27.04.06_09
ИБМ3-41А,27.06.01_03
ИБМ3-42А,27.06.01_53
ИБМ3-43А,38.06.01_67
ИБМ3-61Б,27.03.05_03
ИБМ3-62Б,27.03.05_03
ИБМ3-63Б,38.03.02_03
ИБМ3-61А,38.06.01_03
ИБМ3-62А,27.06.01_03
ИБМ3-63А,27.06.01_53
ИБМ3-81Б,27.03.05_03
ИБМ3-82Б,27.03.05_03
ИБМ3-83Б,38.03.02_03
ИБМ3-83А,38.06.01_67
ИБМ3-84А,38.06.01_53
ИБМ3-85А,15.06.01_74
ИБМ4-21Б,27.03.05_04
ИБМ4-22Б,27.03.05_04
ИБМ4-24Б,38.03.02_08
ИБМ4-21М,27.04.06_04
ИБМ4-22М,38.04.02_04
ИБМ4-22А,38.06.01_68
ИБМ4-41Б,27.03.05_04
ИБМ4-42Б,27.03.05_04
ИБМ4-44Б,38.03.02_08
ИБМ4-41М,27.04.06_04
ИБМ4-42М,38.04.02_04
ИБМ4-41А,27.06.01_04
ИБМ4-42А,38.06.01_68
ИБМ4-61Б,27.03.05_04
ИБМ4-62Б,38.03.02_08
ИБМ4-63Б,38.03.02_02
ИБМ4-61А,38.06.01_04
ИБМ4-62А,38.06.01_68
ИБМ4-81Б,27.03.05_04
ИБМ4-81А,38.06.01_68
ИБМ5-21Б,27.03.05_05
ИБМ5-23Б,38.03.01_05
ИБМ5-23М,38.04.01_03
ИБМ5-24М,27.04.06_05
ИБМ5-22А,38.06.01_69
ИБМ5-41Б,27.03.05_05
ИБМ5-43Б,38.03.01_05
ИБМ5-42М,38.04.01_01
ИБМ5-44М,27.04.06_05
ИБМ5-46М,38.04.02_06
ИБМ5-61Б,27.03.05_05
ИБМ5-62Б,38.03.02_05
ИБМ5-63Б,38.03.01_05
ИБМ5-65Б,38.03.01_02
ИБМ5-61А,38.06.01_77
ИБМ5-62А,38.06.01_77
ИБМ5-81Б,27.03.05_05
ИБМ5-82Б,38.03.02_05
ИБМ5-83Б,38.03.01_05
ИБМ5-84Б,38.03.01_02
ИБМ5-82А,38.06.01_77
ИБМ6-21Б,27.03.05_06
ИБМ6-22Б,27.03.05_06
ИБМ6-23Б,38.03.05_01
ИБМ6-24Б,38.03.05_01
ИБМ6-21М,27.04.06_06
ИБМ6-22М,01.04.04_06
ИБМ6-22А,27.06.01_56
ИБМ6-41Б,27.03.05_06
ИБМ6-42Б,27.03.05_06
ИБМ6-43Б,38.03.05_01
ИБМ6-44Б,38.03.05_01
ИБМ6-41М,27.04.06_06
ИБМ6-42М,01.04.04_06
ИБМ6-41А,38.06.01_70
ИБМ6-61Б,27.03.05_06
ИБМ6-62Б,27.03.05_06
ИБМ6-65Б,38.03.05_01
ИБМ6-66Б,38.03.05_01
ИБМ6-61А,38.06.01_78
ИБМ6-81Б,27.03.05_06
ИБМ6-82Б,27.03.05_06
ИБМ6-83Б,38.03.02_06
ИБМ6-84Б,38.03.02_06
ИБМ6-85Б,38.03.05_01
ИБМ6-86Б,38.03.05_01
ИБМ6-82А,38.06.01_70
ИБМ7-21Б,27.03.05_07
ИБМ7-22Б,27.03.05_07
ИБМ7-23Б,38.03.02_07
ИБМ7-21М,27.04.06_07
ИБМ7-22М,38.04.02_07
ИБМ7-23М,01.04.04_07
ИБМ7-41Б,27.03.05_07
ИБМ7-42Б,27.03.05_07
ИБМ7-43Б,38.03.02_07
ИБМ7-45Б,38.03.01_07
ИБМ7-46Б,27.03.05_07
ИБМ7-41М,27.04.06_07
ИБМ7-42М,38.04.02_07
ИБМ7-43М,01.04.04_07
ИБМ7-42А,38.06.01_71
ИБМ7-61Б,27.03.05_07
ИБМ7-62Б,27.03.05_07
ИБМ7-63Б,38.03.02_07
ИБМ7-64Б,38.03.02_07
ИБМ7-65Б,38.03.01_07
ИБМ7-66Б,27.03.05_07
ИБМ7-61А,27.06.01_07
ИБМ7-62А,38.06.01_71
ИБМ7-81Б,27.03.05_07
ИБМ7-82Б,27.03.05_07
ИБМ7-83Б,38.03.02_07
ИБМ7-84Б,38.03.02_07
ИБМ7-85Б,38.03.02_07
ИБМ7-82А,27.06.01_57
ИУ1-21Б,27.03.04_01
ИУ1-21,24.05.06_01
ИУ1-22,24.05.06_01
ИУ1-29,24.05.06_93
ИУ1-21М,27.04.04_04
ИУ1-21А,09.06.01_01
ИУ1-41Б,27.03.04_01
ИУ1-41,24.05.06_01
ИУ1-42,24.05.06_01
ИУ1-41М,27.04.04_04
ИУ1-41А,27.06.01_11
ИУ1-42А,09.06.01_01
ИУ1-43А,09.06.01_01
ИУ1-63Б,27.03.04_01
ИУ1-61,24.05.06_01
ИУ1-62,24.05.06_02
ИУ1-69,24.05.06_93
ИУ1-61А,09.06.01_01
ИУ1-62А,09.06.01_01
ИУ1-63А,27.06.01_11
ИУ1-64А,09.06.01_01
ИУ1-81,24.05.06_01
ИУ1-82,24.05.06_02
ИУ1-89,24.05.06_93
ИУ1-81А,09.06.01_01
ИУ1-101,24.05.06_01
ИУ1-102,24.05.06_02
ИУ1-103,24.05.06_03
ИУ1-109,24.05.06_93
ИУ1-102А,09.06.01_51
ИУ1-121,24.05.06_01
ИУ1-122,24.05.06_02
ИУ1-123,24.05.06_03
ИУ1-129,24.05.06_92
ИУ2-21,24.05.06_04
ИУ2-22,24.05.06_04
ИУ2-23,24.05.06_04
ИУ2-21М,24.04.02_01
ИУ2-21А,12.06.01_01
ИУ2-22А,12.06.01_51
ИУ2-41,24.05.06_04
ИУ2-42,24.05.06_04
ИУ2-43,24.05.06_04
ИУ2-41М,24.04.02_01
ИУ2-41А,12.06.01_01
ИУ2-42А,12.06.01_51
ИУ2-61,24.05.06_04
ИУ2-62,24.05.06_05
ИУ2-63,24.05.06_06
ИУ2-69,24.05.06_95
ИУ2-61А,12.06.01_01
ИУ2-81,24.05.06_04
ИУ2-82,24.05.06_05
ИУ2-83,24.05.06_06
ИУ2-89,24.05.06_95
ИУ2-81А,12.06.01_01
ИУ2-83А,12.06.01_01
ИУ2-101,24.05.06_04
ИУ2-102,24.05.06_05
ИУ2-103,24.05.06_06
ИУ2-109,24.05.06_95
ИУ2-121,24.05.06_04
ИУ2-122,24.05.06_05
ИУ2-123,24.05.06_06
ИУ2-129,24.05.06_94
ИУ3-21Б,09.03.02_01
ИУ3-22Б,09.03.02_01
ИУ3-23Б,09.03.02_01
ИУ3-21М,09.04.02_01
ИУ3-22М,09.04.02_01
ИУ3-21А,09.06.01_31
ИУ3-23А,09.06.01_81
ИУ3-24А,09.06.01_71
ИУ3-41Б,09.03.02_01
ИУ3-42Б,09.03.02_01
ИУ3-43Б,09.03.02_01
ИУ3-44Б,09.03.02_01
ИУ3-41М,09.04.02_01
ИУ3-42М,09.04.02_01
ИУ3-41А,09.06.01_31
ИУ3-42А,09.06.01_52
ИУ3-61Б,09.03.02_01
ИУ3-62Б,09.03.02_01
ИУ3-63Б,09.03.02_01
ИУ3-61А,09.06.01_31
ИУ3-62А,09.06.01_81
ИУ3-81Б,09.03.02_01
ИУ3-82Б,09.03.02_01
ИУ3-83Б,09.03.02_01
ИУ3-81А,09.06.01_31
ИУ3-82А,02.06.01_68
ИУ3-102А,09.06.01_81
ИУ4-21Б,11.03.03_01
ИУ4-22Б,11.03.03_01
ИУ4-23Б,11.03.03_01
ИУ4-21М,11.04.03_01
ИУ4-22М,11.04.03_01
ИУ4-21А,09.06.01_11
ИУ4-23А,09.06.01_26
ИУ4-24А,11.06.01_08
ИУ4-41Б,11.03.03_01
ИУ4-42Б,11.03.03_01
ИУ4-43Б,11.03.03_01
ИУ4-41М,11.04.03_01
ИУ4-42М,11.04.03_01
ИУ4-41А,09.06.01_11
ИУ4-42А,09.06.01_03
ИУ4-61Б,11.03.03_01
ИУ4-62Б,11.03.03_01
ИУ4-63Б,11.03.03_01
ИУ4-61А,09.06.01_03
ИУ4-62А,09.06.01_11
ИУ4-81Б,11.03.03_01
ИУ4-82Б,11.03.03_01
ИУ4-83Б,11.03.03_01
ИУ4-81А,09.06.01_03
ИУ4-82А,09.06.01_11
ИУ5-21Б,09.03.01_02
ИУ5-22Б,09.03.01_02
ИУ5-23Б,09.03.01_02
ИУ5-24Б,09.03.01_02
ИУ5-25Б,09.03.01_02
ИУ5-21М,09.04.01_03
ИУ5-22М,09.04.01_03
ИУ5-23М,09.04.01_03
ИУ5-24М,09.04.01_03
ИУ5-21А,09.06.01_32
ИУ5-22А,09.06.01_19
ИУ5-24А,09.06.01_91
ИУ5-25А,09.06.01_69
ИУ5-26А,09.06.01_45
ИУ5-41Б,09.03.01_02
ИУ5-42Б,09.03.01_02
ИУ5-43Б,09.03.01_02
ИУ5-44Б,09.03.01_02
ИУ5-41М,09.04.01_03
ИУ5-42М,09.04.01_03
ИУ5-43М,09.04.01_03
ИУ5-44М,09.04.01_03
ИУ5-41А,09.06.01_32
ИУ5-42А,09.06.01_19
ИУ5-43А,09.06.01_82
ИУ5-45А,27.06.01_79
ИУ5-61Б,09.03.01_02
ИУ5-62Б,09.03.01_02
ИУ5-63Б,09.03.01_02
ИУ5-64Б,09.03.01_02
ИУ5-65Б,09.03.01_82
ИУ5-61А,09.06.01_19
ИУ5-62А,09.06.01_28
ИУ5-63А,09.06.01_32
ИУ5-81Б,09.03.01_02
ИУ5-82Б,09.03.01_02
ИУ5-83Б,09.03.01_02
ИУ5-84Б,09.03.01_02
ИУ5-85Б,09.03.01_82
ИУ5-81А,09.06.01_19
ИУ5-82А,09.06.01_32
ИУ5-83А,09.06.01_32
ИУ5-84А,09.06.01_69
ИУ5-85А,02.06.01_69
ИУ5-86А,09.06.01_82
ИУ5-102А,09.06.01_82
ИУ6-21Б,09.03.01_03
ИУ6-22Б,09.03.01_03
ИУ6-23Б,09.03.01_03
ИУ6-24Б,09.03.03_02
ИУ6-25Б,09.03.03_02
ИУ6-21М,09.04.01_02
ИУ6-22М,09.04.01_02
ИУ6-23М,09.04.01_02
ИУ6-21А,09.06.01_33
ИУ6-41Б,09.03.01_03
ИУ6-42Б,09.03.01_03
ИУ6-43Б,09.03.01_03
ИУ6-44Б,09.03.03_02
ИУ6-45Б,09.03.03_02
ИУ6-46Б,09.03.01_03
ИУ6-41М,09.04.01_02
ИУ6-42М,09.04.01_02
ИУ6-43М,09.04.01_02
ИУ6-41А,09.06.01_33
ИУ6-42А,09.06.01_79
ИУ6-61Б,09.03.01_03
ИУ6-62Б,09.03.01_03
ИУ6-63Б,09.03.01_03
ИУ6-64Б,09.03.01_03
ИУ6-65Б,09.03.03_02
ИУ6-61А,09.06.01_29
ИУ6-62А,09.06.01_33
ИУ6-81Б,09.03.01_03
ИУ6-82Б,09.03.01_03
ИУ6-83Б,09.03.01_03
ИУ6-84Б,09.03.03_02
ИУ6-82А,09.06.01_33
ИУ6-83А,02.06.01_66
ИУ7-21Б,09.03.04_01
ИУ7-22Б,09.03.04_01
ИУ7-23Б,09.03.04_01
ИУ7-24Б,09.03.04_01
ИУ7-25Б,09.03.04_01
ИУ7-26Б,09.03.04_01
ИУ7-21М,09.04.04_02
ИУ7-22М,09.04.04_02
ИУ7-23М,09.04.04_02
ИУ7-21А,09.06.01_22
ИУ7-22А,09.06.01_72
ИУ7-41Б,09.03.04_01
ИУ7-42Б,09.03.04_01
ИУ7-43Б,09.03.04_01
ИУ7-44Б,09.03.04_01
ИУ7-45Б,09.03.04_01
ИУ7-46Б,09.03.04_01
ИУ7-41М,09.04.04_02
ИУ7-42М,09.04.04_02
ИУ7-43М,09.04.04_02
ИУ7-41А,09.06.01_34
ИУ7-61Б,09.03.04_01
ИУ7-62Б,09.03.04_01
ИУ7-63Б,09.03.04_01
ИУ7-64Б,09.03.04_01
ИУ7-65Б,09.03.04_01
ИУ7-66Б,09.03.04_01
ИУ7-61А,09.06.01_34
ИУ7-62А,09.06.01_22
ИУ7-81Б,09.03.04_01
ИУ7-82Б,09.03.04_01
ИУ7-83Б,09.03.04_01
ИУ7-84Б,09.03.04_01
ИУ7-85Б,09.03.04_01
ИУ7-81А,09.06.01_22
ИУ8-21,10.05.03_01
ИУ8-22,10.05.03_01
ИУ8-23,10.05.03_01
ИУ8-24,10.05.01_01
ИУ8-25,10.05.01_01
ИУ8-21М,10.04.01_01
ИУ8-21А,10.06.01_01
ИУ8-22А,10.06.01_51
ИУ8-41,10.05.03_01
ИУ8-42,10.05.03_01
ИУ8-43,10.05.03_01
ИУ8-44,10.05.01_01
ИУ8-45,10.05.01_01
ИУ8-41М,10.04.01_01
ИУ8-42М,10.04.01_01
ИУ8-41А,09.06.01_23
ИУ8-42А,10.06.01_51
ИУ8-61,10.05.03_01
ИУ8-62,10.05.03_01
ИУ8-63,10.05.03_01
ИУ8-64,10.05.01_01
ИУ8-61А,09.06.01_23
ИУ8-62А,10.06.01_01
ИУ8-63А,10.06.01_51
ИУ8-81,10.05.03_01
ИУ8-82,10.05.03_02
ИУ8-83,10.05.03_03
ИУ8-84,10.05.01_01
ИУ8-81А,09.06.01_23
ИУ8-82А,10.06.01_01
ИУ8-83А,10.06.01_51
ИУ8-101,10.05.03_01
ИУ8-102,10.05.03_02
ИУ8-103,10.05.03_03
ИУ8-104,10.05.01_01
ИУ8-109,10.05.03_93
ИУ8-121,10.05.03_01
ИУ8-122,10.05.03_02
ИУ8-123,10.05.03_03
ИУ8-124,10.05.01_01
ИУ9-21Б,01.03.02_01
ИУ9-22Б,01.03.02_01
ИУ9-23Б,01.03.02_01
ИУ9-21М,01.04.04_04
ИУ9-21А,09.06.01_24
ИУ9-41Б,01.03.02_01
ИУ9-42Б,01.03.02_01
ИУ9-43Б,01.03.02_01
ИУ9-41М,01.04.04_04
ИУ9-42А,09.06.01_24
ИУ9-61Б,01.03.02_01
ИУ9-62Б,01.03.02_01
ИУ9-81Б,01.03.02_01
ИУ9-82Б,01.03.02_01
ИУ10-21,10.05.07_01
ИУ10-23,10.05.07_01
ИУ10-24,10.05.07_01
ИУ10-25,10.05.07_01
ИУ10-29,10.05.07_92
ИУ10-21А,10.06.01_02
ИУ10-41,10.05.07_02
ИУ10-42,10.05.07_92
ИУ10-43,10.05.07_01
ИУ10-44,10.05.07_01
ИУ10-45,10.05.07_01
ИУ10-49,10.05.07_92
ИУ10-41А,09.06.01_40
ИУ10-42А,10.06.01_02
ИУ10-61,10.05.07_02
ИУ10-63,10.05.07_01
ИУ10-64,10.05.07_01
ИУ10-65,10.05.07_01
ИУ10-69,10.05.07_92
ИУ10-61А,09.06.01_40
ИУ10-62А,10.06.01_02
ИУ10-81,10.05.07_02
ИУ10-83,10.05.07_01
ИУ10-84,10.05.07_01
ИУ10-89,10.05.07_92
ИУ10-81А,10.06.01_02
ИУ10-82А,10.06.01_52
ИУ10-101,10.05.07_02
ИУ10-102,10.05.07_01
ИУ10-103,10.05.07_01
ИУ10-104,10.05.07_01
ИУ10-121,10.05.07_02
ИУ10-122,10.05.07_01
ИУ10-123,10.05.07_01
Л4-21Б,45.03.02_01
Л4-22Б,45.03.02_01
Л4-41Б,45.03.02_01
Л4-42Б,45.03.02_01
Л4-43Б,45.03.02_01
Л4-61Б,45.03.02_01
Л4-62Б,45.03.02_01
Л4-63Б,45.03.02_01
Л4-81Б,45.03.02_01
Л4-82Б,45.03.02_01
Л4-83Б,45.03.02_01
МТ1-21Б,15.03.01_01
МТ1-21,15.05.01_01
МТ1-21М,15.04.01_07
МТ1-21А,15.06.01_05
МТ1-41Б,15.03.01_01
МТ1-41,15.05.01_01
МТ1-41М,15.04.01_07
МТ1-41А,15.06.01_05
МТ1-62Б,15.03.01_01
МТ1-61,15.05.01_01
МТ1-82Б,15.03.01_01
МТ1-81,15.05.01_01
МТ1-101,15.05.01_01
МТ1-121,15.05.01_01
МТ1-122,15.05.01_81
МТ2-21,15.05.01_02
МТ2-22,15.05.01_02
МТ2-21М,15.04.02_04
МТ2-21А,15.06.01_06
МТ2-22А,15.06.01_56
МТ2-41,15.05.01_02
МТ2-42,15.05.01_02
МТ2-41М,15.04.02_04
МТ2-41А,15.06.01_06
МТ2-61,15.05.01_02
МТ2-62,15.05.01_02
МТ2-81,15.05.01_02
МТ2-82,15.05.01_02
МТ2-101,15.05.01_02
МТ2-102,15.05.01_02
МТ2-121,15.05.01_02
МТ2-122,15.05.01_02
МТ3-21,15.05.01_03
МТ3-22,15.05.01_12
МТ3-29,15.05.01_93
МТ3-21А,15.06.01_10
МТ3-41,15.05.01_03
МТ3-42,15.05.01_12
МТ3-43,15.05.01_03
МТ3-41А,15.06.01_10
МТ3-61,15.05.01_03
МТ3-62,15.05.01_12
МТ3-69,15.05.01_93
МТ3-61А,15.06.01_10
МТ3-81,15.05.01_03
МТ3-82,15.05.01_12
МТ3-89,15.05.01_93
МТ3-81А,15.06.01_10
МТ3-82А,15.06.01_60
МТ3-101,15.05.01_03
МТ3-102,15.05.01_12
МТ3-109,15.05.01_93
МТ3-101А,15.06.01_60
МТ3-121,15.05.01_03
МТ3-122,15.05.01_12
МТ3-129,15.05.01_93
МТ4-21Б,27.03.01_01
МТ4-21М,27.04.01_01
МТ4-21А,27.06.01_09
МТ4-41Б,27.03.01_01
МТ4-41М,27.04.01_01
МТ4-41А,15.06.01_29
МТ4-61Б,27.03.01_01
МТ4-61А,27.06.01_09
МТ4-81Б,27.03.01_01
МТ4-102А,27.06.01_59
МТ5-21Б,15.03.01_03
МТ5-21,15.05.01_05
МТ5-21М,15.04.01_05
МТ5-21А,22.06.01_02
МТ5-41Б,15.03.01_03
МТ5-41,15.05.01_05
МТ5-41М,15.04.01_05
МТ5-41А,22.06.01_02
МТ5-62Б,15.03.01_03
МТ5-61,15.05.01_05
МТ5-61А,22.06.01_02
МТ5-82Б,15.03.01_03
МТ5-81,15.05.01_05
МТ5-81А,22.06.01_02
МТ5-101,15.05.01_05
МТ5-101А,22.06.01_52
МТ5-121,15.05.01_05
МТ6-21Б,15.03.01_04
МТ6-21,15.05.01_06
МТ6-21М,15.04.01_06
МТ6-21А,15.06.01_14
МТ6-41Б,15.03.01_04
МТ6-41,15.05.01_06
МТ6-41М,15.04.01_06
МТ6-41А,15.06.01_14
МТ6-42А,15.06.01_64
МТ6-62Б,15.03.01_04
МТ6-61,15.05.01_06
МТ6-61А,15.06.01_14
МТ6-62А,15.06.01_14
МТ6-82Б,15.03.01_04
МТ6-81,15.05.01_06
МТ6-81А,15.06.01_14
МТ6-101,15.05.01_06
МТ6-121,15.05.01_06
МТ7-21,15.05.01_07
МТ7-22,15.05.01_08
МТ7-21М,15.04.01_01
МТ7-21А,15.06.01_17
МТ7-22А,15.06.01_20
МТ7-41,15.05.01_07
МТ7-42,15.05.01_08
МТ7-41М,15.04.01_01
МТ7-41А,15.06.01_17
МТ7-42А,15.06.01_20
МТ7-61,15.05.01_07
МТ7-62,15.05.01_08
МТ7-61А,15.06.01_17
МТ7-62А,15.06.01_20
МТ7-81,15.05.01_07
МТ7-82,15.05.01_08
МТ7-83,15.05.01_11
МТ7-81А,15.06.01_17
МТ7-82А,15.06.01_20
МТ7-83А,15.06.01_17
МТ7-84А,15.06.01_67
МТ7-101,15.05.01_07
МТ7-102,15.05.01_08
МТ7-103,15.05.01_11
МТ7-103А,15.06.01_67
МТ7-121,15.05.01_07
МТ7-122,15.05.01_08
МТ7-123,15.05.01_11
МТ8-21Б,22.03.01_01
МТ8-22Б,22.03.01_01
МТ8-21М,22.04.01_02
МТ8-22М,22.04.01_02
МТ8-22А,22.06.01_03
МТ8-23А,22.06.01_51
МТ8-41Б,22.03.01_01
МТ8-42Б,22.03.01_01
МТ8-41М,22.04.01_02
МТ8-42М,22.04.01_02
МТ8-41А,22.06.01_03
МТ8-43А,22.06.01_51
МТ8-61Б,22.03.01_01
МТ8-62Б,22.03.01_01
МТ8-61А,18.06.01_01
МТ8-62А,22.06.01_01
МТ8-63А,22.06.01_03
МТ8-64А,22.06.01_03
МТ8-65А,22.06.01_03
МТ8-66А,22.06.01_03
МТ8-81Б,22.03.01_01
МТ8-82Б,22.03.01_01
МТ8-82А,22.06.01_03
МТ8-83А,22.06.01_53
МТ8-84А,22.06.01_03
МТ8-102А,22.06.01_53
МТ9-21Б,54.03.01_01
МТ9-22Б,54.03.01_01
МТ9-21М,54.04.01_01
МТ9-41Б,54.03.01_01
МТ9-42Б,54.03.01_01
МТ9-41М,54.04.01_01
МТ9-61Б,54.03.01_01
МТ9-62Б,54.03.01_01
МТ9-81Б,54.03.01_01
МТ10-21,15.05.01_10
МТ10-22,15.05.01_13
МТ10-21М,15.04.02_06
МТ10-21А,15.06.01_15
МТ10-41,15.05.01_10
МТ10-42,15.05.01_13
МТ10-41М,15.04.02_06
МТ10-41А,15.06.01_15
МТ10-42А,15.06.01_65
МТ10-61,15.05.01_10
МТ10-62,15.05.01_13
МТ10-61А,15.06.01_15
МТ10-81,15.05.01_10
МТ10-82,15.05.01_13
МТ10-101,15.05.01_10
МТ10-102,15.05.01_13
МТ10-121,15.05.01_10
МТ10-122,15.05.01_13
МТ11-21Б,28.03.02_02
МТ11-22Б,11.03.04_01
МТ11-23Б,28.03.02_02
МТ11-21М,11.04.04_01
МТ11-22М,28.04.02_02
МТ11-23М,11.04.04_01
МТ11-21А,11.06.01_06
МТ11-23А,09.06.01_18
МТ11-41Б,28.03.02_02
МТ11-42Б,11.03.04_01
МТ11-43Б,28.03.02_02
МТ11-44Б,11.03.04_01
МТ11-41М,11.04.04_01
МТ11-42М,28.04.02_02
МТ11-41А,11.06.01_06
МТ11-61Б,28.03.02_02
МТ11-62Б,11.03.04_01
МТ11-63Б,28.03.02_02
МТ11-61А,11.06.01_06
МТ11-62А,11.06.01_06
МТ11-63А,11.06.01_56
МТ11-81Б,28.03.02_02
МТ11-82Б,11.03.04_01
МТ11-83Б,28.03.02_02
МТ11-81А,11.06.01_06
МТ11-82А,11.06.01_06
МТ11-83А,11.06.01_06
МТ12-21,15.05.01_04
МТ12-21М,15.04.01_02
МТ12-21А,15.06.01_07
МТ12-41,15.05.01_04
МТ12-41М,15.04.01_02
МТ12-41А,15.06.01_07
МТ12-42А,15.06.01_57
МТ12-62Б,15.03.01_05
МТ12-61,15.05.01_04
МТ12-61А,15.06.01_07
МТ12-81,15.05.01_04
МТ12-81А,15.06.01_57
МТ12-101,15.05.01_04
МТ12-102А,15.06.01_57
МТ12-121,15.05.01_04
МТ13-21Б,15.03.01_02
МТ13-21М,15.04.01_03
МТ13-21А,15.06.01_16
МТ13-41Б,15.03.01_02
МТ13-41М,15.04.01_03
МТ13-41А,15.06.01_44
МТ13-61Б,15.03.01_02
МТ13-61А,15.06.01_44
МТ13-62А,15.06.01_08
МТ13-81Б,15.03.01_02
МТ13-81А,15.06.01_44
ОЭ2-21,12.05.01_22
ОЭ2-22,12.05.01_24
ОЭ2-41,12.05.01_22
ОЭ2-42,12.05.01_24
ОЭ2-61,12.05.01_22
ОЭ2-62,12.05.01_24
ОЭ2-81,12.05.01_22
ОЭ2-82,12.05.01_24
ОЭ2-101,12.05.01_22
ОЭ2-102,12.05.01_24
ОЭ2-121,12.05.01_22
ОЭ2-122,12.05.01_24
ПС1-61,24.05.06_24
ПС1-81,24.05.06_24
ПС1-101,24.05.06_24
ПС1-102,24.05.06_27
ПС1-121,24.05.06_24
ПС1-122,24.05.06_27
ПС1-123,24.05.06_28
ПС2-21,24.05.06_29
ПС2-41,24.05.06_29
ПС2-61,24.05.06_29
ПС2-81,24.05.06_29
ПС2-101,24.05.06_29
ПС2-121,24.05.06_29
ПС3-21,24.05.01_26
ПС3-41,24.05.01_26
ПС3-61,24.05.01_26
ПС3-81,24.05.01_26
ПС3-101,24.05.01_26
ПС3-121,24.05.01_26
ПС4-21,24.05.06_20
ПС4-22,24.05.06_20
ПС4-41,24.05.06_20
ПС4-42,24.05.06_20
ПС4-61,24.05.06_20
ПС4-81,24.05.06_20
ПС4-101,24.05.06_20
ПС4-121,24.05.06_20
РК2-21М,15.04.01_08
РК2-22А,15.06.01_43
РК2-41А,15.06.01_21
РК2-61А,15.06.01_43
РК2-81А,15.06.01_43
РК3-21М,15.04.01_04
РК3-21А,15.06.01_01
РК3-22А,15.06.01_51
РК3-41М,15.04.01_04
РК3-41А,15.06.01_01
РК3-61А,15.06.01_01
РК3-81А,15.06.01_01
РК3-102А,15.06.01_51
РК4-21,23.05.01_02
РК4-22,23.05.01_02
РК4-29,23.05.01_92
РК4-21А,15.06.01_35
РК4-41,23.05.01_02
РК4-42,23.05.01_02
РК4-41А,15.06.01_35
РК4-61,23.05.01_02
РК4-62,23.05.01_02
РК4-69,23.05.01_92
РК4-81,23.05.01_02
РК4-82,23.05.01_02
РК4-89,23.05.01_92
РК4-81А,15.06.01_35
РК4-101,23.05.01_02
РК4-102,23.05.01_02
РК4-109,23.05.01_92
РК4-121,23.05.01_02
РК4-122,23.05.01_02
РК4-123,23.05.01_82
РК5-21Б,15.03.03_01
РК5-22Б,15.03.03_01
РК5-23Б,15.03.03_01
РК5-21М,15.04.03_02
РК5-22М,15.04.03_01
РК5-21А,09.06.01_43
РК5-22А,01.06.01_08
РК5-41Б,15.03.03_01
РК5-42Б,15.03.03_01
РК5-43Б,15.03.03_01
РК5-41М,15.04.03_02
РК5-42М,15.04.03_01
РК5-41А,09.06.01_43
РК5-42А,01.06.01_08
РК5-61Б,15.03.03_01
РК5-62Б,15.03.03_01
РК5-63Б,15.03.03_02
РК5-61А,01.06.01_08
РК5-62А,24.06.01_07
РК5-63А,01.06.01_08
РК5-64А,01.06.01_08
РК5-81Б,15.03.03_01
РК5-82Б,15.03.03_01
РК5-83Б,15.03.03_02
РК5-81А,01.06.01_08
РК5-82А,01.06.01_08
РК6-21Б,09.03.01_01
РК6-22Б,09.03.01_01
РК6-23Б,09.03.01_01
РК6-24Б,09.03.01_01
РК6-21М,09.04.01_01
РК6-22М,09.04.01_01
РК6-21А,09.06.01_25
РК6-41Б,09.03.01_01
РК6-42Б,09.03.01_01
РК6-43Б,09.03.01_01
РК6-44Б,09.03.01_01
РК6-41М,09.04.01_01
РК6-42М,09.04.01_01
РК6-41А,09.06.01_25
РК6-61Б,09.03.01_01
РК6-62Б,09.03.01_01
РК6-63Б,09.03.01_01
РК6-64Б,09.03.01_01
РК6-61А,09.06.01_25
РК6-81Б,09.03.01_01
РК6-82Б,09.03.01_01
РК6-83Б,09.03.01_01
РК6-81А,09.06.01_25
РК9-21Б,15.03.04_01
РК9-22Б,15.03.04_01
РК9-23Б,15.03.04_01
РК9-24Б,15.03.04_01
РК9-21М,15.04.04_01
РК9-22М,15.04.04_02
РК9-21А,09.06.01_17
РК9-22А,27.06.01_77
РК9-41Б,15.03.04_01
РК9-42Б,15.03.04_01
РК9-43Б,15.03.04_01
РК9-44Б,15.03.04_01
РК9-41М,15.04.04_02
РК9-43М,15.04.04_01
РК9-41А,09.06.01_17
РК9-42А,27.06.01_77
РК9-43А,27.06.01_27
РК9-61Б,15.03.04_01
РК9-62Б,15.03.04_01
РК9-63Б,15.03.04_01
РК9-64Б,15.03.04_01
РК9-61А,09.06.01_17
РК9-62А,09.06.01_67
РК9-63А,27.06.01_77
РК9-81Б,15.03.04_01
РК9-82Б,15.03.04_01
РК9-81А,09.06.01_17
РКТ1-21,24.05.06_21
РКТ1-41,24.05.06_21
РКТ1-61,24.05.06_21
РКТ1-81,24.05.06_21
РКТ1-101,24.05.06_21
РКТ1-121,24.05.06_21
РКТ2-21,24.05.01_25
РКТ2-41,24.05.01_25
РКТ2-61,24.05.01_25
РКТ2-81,24.05.01_25
РКТ2-101,24.05.01_25
РКТ2-121,24.05.01_25
РКТ3-21,15.05.01_22
РКТ3-41,15.05.01_22
РКТ3-61,15.05.01_22
РКТ3-81,15.05.01_22
РКТ3-101,15.05.01_22
РКТ4-21,24.05.01_23
РКТ4-41,24.05.01_23
РКТ4-61,24.05.01_23
РКТ4-81,24.05.01_23
РКТ4-101,24.05.01_23
РКТ4-121,24.05.01_23
РКТ5-81,24.05.02_23
РКТ5-101,24.05.02_23
РЛ1-21,11.05.01_01
РЛ1-22,11.05.01_01
РЛ1-23,11.05.01_01
РЛ1-24,11.05.01_01
РЛ1-29,11.05.01_91
РЛ1-21А,11.06.01_02
РЛ1-22А,11.06.01_04
РЛ1-41,11.05.01_01
РЛ1-42,11.05.01_01
РЛ1-43,11.05.01_01
РЛ1-44,11.05.01_01
РЛ1-41А,11.06.01_04
РЛ1-42А,11.06.01_02
РЛ1-61,11.05.01_01
РЛ1-62,11.05.01_02
РЛ1-63,11.05.01_03
РЛ1-64,11.05.01_04
РЛ1-69,11.05.01_91
РЛ1-61А,11.06.01_02
РЛ1-62А,11.06.01_04
РЛ1-81,11.05.01_01
РЛ1-82,11.05.01_02
РЛ1-83,11.05.01_03
РЛ1-84,11.05.01_04
РЛ1-89,11.05.01_91
РЛ1-81А,11.06.01_02
РЛ1-82А,11.06.01_04
РЛ1-101,11.05.01_01
РЛ1-102,11.05.01_02
РЛ1-103,11.05.01_03
РЛ1-104,11.05.01_04
РЛ1-109,11.05.01_91
РЛ1-103А,11.06.01_54
РЛ1-121,11.05.01_01
РЛ1-122,11.05.01_02
РЛ1-123,11.05.01_03
РЛ1-124,11.05.01_04
РЛ1-125,11.05.01_86
РЛ2-21Б,12.03.05_01
РЛ2-22Б,12.03.02_01
РЛ2-21,12.05.01_02
РЛ2-22,12.05.01_02
РЛ2-23,12.05.01_02
РЛ2-29,12.05.01_91
РЛ2-21М,12.04.02_01
РЛ2-22М,12.04.02_02
РЛ2-23М,12.04.05_01
РЛ2-24М,12.04.05_02
РЛ2-21А,12.06.01_03
РЛ2-22А,12.06.01_53
РЛ2-41Б,12.03.05_01
РЛ2-42Б,12.03.02_01
РЛ2-41,12.05.01_02
РЛ2-42,12.05.01_02
РЛ2-43,12.05.01_02
РЛ2-41М,12.04.02_01
РЛ2-42М,12.04.02_02
РЛ2-43М,12.04.05_01
РЛ2-44М,12.04.05_02
РЛ2-41А,12.06.01_03
РЛ2-42А,12.06.01_53
РЛ2-64Б,12.03.05_01
РЛ2-65Б,12.03.02_01
РЛ2-61,12.05.01_01
РЛ2-62,12.05.01_02
РЛ2-63,12.05.01_03
РЛ2-69,12.05.01_91
РЛ2-61А,12.06.01_03
РЛ2-84Б,12.03.05_01
РЛ2-85Б,12.03.02_01
РЛ2-81,12.05.01_01
РЛ2-82,12.05.01_02
РЛ2-83,12.05.01_03
РЛ2-89,12.05.01_91
РЛ2-81А,12.06.01_03
РЛ2-82А,12.06.01_53
РЛ2-101,12.05.01_01
РЛ2-102,12.05.01_02
РЛ2-103,12.05.01_03
РЛ2-109,12.05.01_91
РЛ2-102А,12.06.01_53
РЛ2-121,12.05.01_01
РЛ2-122,12.05.01_02
РЛ2-129,12.05.01_91
РЛ6-21Б,28.03.02_01
РЛ6-21,11.05.01_05
РЛ6-29,11.05.01_95
РЛ6-21М,28.04.02_01
РЛ6-21А,12.06.01_05
РЛ6-41Б,28.03.02_01
РЛ6-41,11.05.01_05
РЛ6-41М,28.04.02_01
РЛ6-42М,11.04.04_02
РЛ6-41А,12.06.01_05
РЛ6-62Б,28.03.02_01
РЛ6-61,11.05.01_05
РЛ6-69,11.05.01_95
РЛ6-82Б,28.03.02_01
РЛ6-83Б,11.03.03_80
РЛ6-81,11.05.01_05
РЛ6-89,11.05.01_95
РЛ6-81А,12.06.01_05
РЛ6-101,11.05.01_05
РЛ6-109,11.05.01_95
РЛ6-121,11.05.01_05
РЛ6-129,11.05.01_95
РТ1-21,11.05.01_21
РТ1-41,11.05.01_21
РТ1-61,11.05.01_21
РТ1-81,11.05.01_21
РТ1-101,11.05.01_21
РТ1-121,11.05.01_21
РТ2-21Б,11.03.03_21
РТ2-41Б,11.03.03_21
РТ2-61Б,11.03.03_21
РТ2-81Б,11.03.03_21
РТ3-121,15.05.01_23
РТ4-21,24.05.06_22
РТ4-41,24.05.06_22
РТ4-61,24.05.06_22
РТ4-81,24.05.06_22
РТ4-101,24.05.06_22
РТ5-21Б,09.03.01_22
РТ5-41Б,09.03.01_22
РТ5-61Б,09.03.01_22
РТ5-81Б,09.03.01_22
СГН2-21Б,39.03.01_01
СГН2-41Б,39.03.01_01
СГН2-61Б,39.03.01_01
СГН3-21Б,09.03.03_01
СГН3-22Б,09.03.03_01
СГН3-21М,09.04.03_05
СГН3-41Б,09.03.03_01
СГН3-42Б,09.03.03_01
СГН3-61Б,09.03.03_01
СГН3-62Б,09.03.03_01
СГН3-81Б,09.03.03_01
СГН4-21А,56.06.01_04
СГН4-22А,47.06.01_53
СГН4-23А,47.06.01_54
СГН4-41А,47.06.01_54
СГН4-42А,47.06.01_53
СГН4-61А,47.06.01_54
СГН4-82А,47.06.01_54
СМ1-21Б,24.03.01_01
СМ1-21,24.05.01_05
СМ1-22,24.05.01_05
СМ1-29,24.05.01_92
СМ1-22А,11.06.01_07
СМ1-41Б,24.03.01_01
СМ1-41,24.05.01_02
СМ1-42,24.05.01_05
СМ1-41А,24.06.01_18
СМ1-63Б,24.03.01_01
СМ1-61,24.05.01_02
СМ1-62,24.05.01_05
СМ1-69,24.05.01_92
СМ1-61А,24.06.01_22
СМ1-62А,24.06.01_22
СМ1-63А,24.06.01_22
СМ1-83Б,24.03.01_01
СМ1-81,24.05.01_02
СМ1-82,24.05.01_05
СМ1-89,24.05.01_92
СМ1-81А,24.06.01_08
СМ1-101,24.05.01_02
СМ1-102,24.05.01_05
СМ1-103,24.05.01_05
СМ1-109,24.05.01_92
СМ1-102А,24.06.01_72
СМ1-121,24.05.01_02
СМ1-122,24.05.01_05
СМ1-129,24.05.01_92
СМ2-21,24.05.01_01
СМ2-21А,24.06.01_23
СМ2-41,24.05.01_01
СМ2-41А,24.06.01_23
СМ2-42А,24.06.01_19
СМ2-61,24.05.01_01
СМ2-81,24.05.01_01
СМ2-81А,24.06.01_19
СМ2-82А,24.06.01_23
СМ2-101,24.05.01_01
СМ2-121,24.05.01_01
СМ2-129,24.05.01_91
СМ3-21,24.05.04_02
СМ3-22,24.05.04_02
СМ3-22А,24.06.01_17
СМ3-41,24.05.04_02
СМ3-42,24.05.04_02
СМ3-61,24.05.04_01
СМ3-62,24.05.04_02
СМ3-61А,24.06.01_31
СМ3-81,24.05.04_01
СМ3-82,24.05.04_02
СМ3-101,24.05.04_01
СМ3-102,24.05.04_02
СМ3-103,24.05.04_03
СМ3-103А,24.06.01_81
СМ3-121,24.05.04_01
СМ3-122,24.05.04_02
СМ3-123,24.05.04_03
СМ4-21,17.05.01_02
СМ4-22,17.05.01_02
СМ4-23,17.05.01_02
СМ4-22А,17.06.01_52
СМ4-41,17.05.01_02
СМ4-42,17.05.01_02
СМ4-42А,17.06.01_52
СМ4-61,17.05.01_01
СМ4-62,17.05.01_02
СМ4-61А,56.06.01_02
СМ4-62А,17.06.01_52
СМ4-81,17.05.01_01
СМ4-82,17.05.01_02
СМ4-101,17.05.01_01
СМ4-102,17.05.01_02
СМ4-121,17.05.01_01
СМ4-122,17.05.01_02
СМ4-123,17.05.01_03
СМ5-21Б,27.03.04_02
СМ5-22Б,27.03.04_02
СМ5-21,11.05.01_09
СМ5-21М,24.04.01_03
СМ5-22М,27.04.04_01
СМ5-23М,27.04.04_02
СМ5-21А,11.06.01_05
СМ5-22А,17.06.01_03
СМ5-41Б,27.03.04_02
СМ5-42Б,27.03.04_02
СМ5-41,11.05.01_09
СМ5-41М,24.04.01_03
СМ5-42М,27.04.04_01
СМ5-43М,27.04.04_02
СМ5-41А,24.06.01_35
СМ5-42А,11.06.01_05
СМ5-61Б,27.03.04_02
СМ5-62Б,27.03.04_02
СМ5-63,11.05.01_09
СМ5-61А,09.06.01_04
СМ5-62А,11.06.01_05
СМ5-63А,27.06.01_14
СМ5-81Б,27.03.04_02
СМ5-82Б,27.03.04_02
СМ5-81А,11.06.01_05
СМ5-82А,27.06.01_14
СМ5-84А,11.06.01_55
СМ5-85А,56.06.01_53
СМ5-86А,27.06.01_14
СМ6-21,17.05.02_02
СМ6-22,17.05.02_02
СМ6-23,17.05.02_02
СМ6-21А,17.06.01_01
СМ6-41,17.05.02_02
СМ6-42,17.05.02_02
СМ6-43,17.05.02_02
СМ6-41А,56.06.01_01
СМ6-61,17.05.02_01
СМ6-62,17.05.02_02
СМ6-61А,56.06.01_01
СМ6-62А,24.06.01_20
СМ6-63А,56.06.01_51
СМ6-81,17.05.02_01
СМ6-82,17.05.02_02
СМ6-83,17.05.02_03
СМ6-81А,17.06.01_51
СМ6-101,17.05.02_01
СМ6-102,17.05.02_02
СМ6-103,17.05.02_03
СМ6-121,17.05.02_01
СМ6-122,17.05.02_02
СМ6-123,17.05.02_03
СМ7-21Б,15.03.06_07
СМ7-22Б,15.03.06_07
СМ7-23Б,15.03.06_07
СМ7-24Б,15.03.06_07
СМ7-21М,15.04.06_02
СМ7-22М,15.04.06_05
СМ7-23М,15.04.06_03
СМ7-21А,15.06.01_03
СМ7-41Б,15.03.06_03
СМ7-42Б,15.03.06_01
СМ7-43Б,15.03.06_07
СМ7-44Б,15.03.06_07
СМ7-41М,15.04.06_02
СМ7-42М,15.04.06_01
СМ7-43М,15.04.06_03
СМ7-41А,15.06.01_03
СМ7-61Б,15.03.06_03
СМ7-62Б,15.03.06_01
СМ7-63Б,15.03.06_02
СМ7-64Б,15.03.06_06
СМ7-65Б,15.03.06_05
СМ7-61А,15.06.01_03
СМ7-62А,15.06.01_03
СМ7-81Б,15.03.06_03
СМ7-82Б,15.03.06_01
СМ7-83Б,15.03.06_02
СМ7-84Б,15.03.06_06
СМ7-85Б,15.03.06_05
СМ7-81А,15.06.01_03
СМ7-82А,15.06.01_03
СМ7-103А,15.06.01_53
СМ8-21,24.05.01_09
СМ8-22,24.05.01_09
СМ8-21А,24.06.01_27
СМ8-41,24.05.01_09
СМ8-42,24.05.01_09
СМ8-61,24.05.01_08
СМ8-62,24.05.01_09
СМ8-69,24.05.01_99
СМ8-61А,24.06.01_27
СМ8-81,24.05.01_06
СМ8-82,24.05.01_07
СМ8-83,24.05.01_08
СМ8-84,24.05.01_09
СМ8-89,24.05.01_99
СМ8-81А,24.06.01_27
СМ8-101,24.05.01_06
СМ8-102,24.05.01_07
СМ8-103,24.05.01_08
СМ8-109,24.05.01_99
СМ8-121,24.05.01_06
СМ8-122,24.05.01_07
СМ8-123,24.05.01_08
СМ8-124,24.05.01_09
СМ8-129,24.05.01_99
СМ9-21,23.05.01_01
СМ9-22,23.05.02_01
СМ9-21М,23.04.02_09
СМ9-21А,15.06.01_33
СМ9-22А,15.06.01_83
СМ9-41,23.05.01_01
СМ9-42,23.05.02_01
СМ9-41М,23.04.02_09
СМ9-41А,15.06.01_33
СМ9-61,23.05.01_01
СМ9-62,23.05.02_01
СМ9-61А,15.06.01_33
СМ9-81,23.05.01_01
СМ9-82,23.05.02_01
СМ9-81А,15.06.01_33
СМ9-101,23.05.01_01
СМ9-102,23.05.02_01
СМ9-121,23.05.02_01
СМ9-122,23.05.02_01
СМ10-21,23.05.01_01
СМ10-22,23.05.02_01
СМ10-21М,23.04.02_01
СМ10-21А,15.06.01_34
СМ10-22А,15.06.01_84
СМ10-41,23.05.01_01
СМ10-42,23.05.02_01
СМ10-41М,23.04.02_01
СМ10-41А,15.06.01_34
СМ10-61,23.05.01_01
СМ10-62,23.05.02_01
СМ10-61А,15.06.01_34
СМ10-62А,15.06.01_84
СМ10-81,23.05.01_01
СМ10-82,23.05.02_01
СМ10-81А,15.06.01_34
СМ10-101,23.05.01_01
СМ10-102,23.05.02_01
СМ10-102А,15.06.01_84
СМ10-121,23.05.01_01
СМ10-122,23.05.02_01
СМ11-21Б,15.03.06_04
СМ11-21М,15.04.06_04
СМ11-21А,15.06.01_04
СМ11-41Б,15.03.06_04
СМ11-41М,15.04.06_04
СМ11-61Б,15.03.06_04
СМ11-81Б,15.03.06_04
СМ11-81А,15.06.01_04
СМ12-21,24.05.01_03
СМ12-21М,24.04.01_02
СМ12-21А,15.06.01_11
СМ12-22А,24.06.01_13
СМ12-23А,15.06.01_61
СМ12-41,24.05.01_03
СМ12-41М,24.04.01_02
СМ12-41А,15.06.01_11
СМ12-61,24.05.01_03
СМ12-61А,15.06.01_11
СМ12-81,24.05.01_03
СМ12-101,24.05.01_03
СМ12-121,24.05.01_03
СМ12-129,24.05.01_93
СМ13-21Б,24.03.01_02
СМ13-22Б,22.03.01_02
СМ13-21М,22.04.01_01
СМ13-22М,22.04.01_03
СМ13-23М,24.04.01_01
СМ13-21А,22.06.01_04
СМ13-23А,18.06.01_02
СМ13-24А,24.06.01_24
СМ13-41Б,24.03.01_02
СМ13-42Б,22.03.01_02
СМ13-41М,22.04.01_01
СМ13-42М,22.04.01_01
СМ13-43М,24.04.01_01
СМ13-44М,24.04.01_04
СМ13-41А,24.06.01_14
СМ13-42А,22.06.01_04
СМ13-43А,18.06.01_02
СМ13-44А,24.06.01_24
СМ13-61Б,24.03.01_02
СМ13-62Б,22.03.01_02
СМ13-61А,24.06.01_24
СМ13-62А,24.06.01_21
СМ13-63А,24.06.01_24
СМ13-81Б,24.03.01_02
СМ13-81А,24.06.01_80
ТА-41,15.02.07_00
ТА-42,15.02.07_00
ТА-61,15.02.07_00
ТА-81,15.02.07_00
ТБД-21,09.02.07_02
ТД-21,54.02.01_00
ТД-25,54.02.01_10
ТД-41,54.02.01_00
ТД-61,54.02.01_00
ТИ-21,09.02.05_00
ТИ-22,09.02.05_00
ТИ-25,09.02.05_10
ТИ-41,09.02.05_00
ТИ-42,09.02.05_00
ТИ-61,09.02.05_00
ТИ-81,09.02.05_00
ТИП-21,09.02.07_01
ТИП-22,09.02.07_01
ТКС-25,09.02.02_10
ТКС-41,09.02.02_00
ТКС-42,09.02.02_00
ТКС-61,09.02.02_00
ТКС-81,09.02.02_00
ТМП-25,09.02.03_10
ТМП-41,09.02.03_00
ТМП-42,09.02.03_00
ТМП-43,09.02.03_00
ТМП-61,09.02.03_00
ТМП-62,09.02.03_00
ТМП-63,09.02.03_00
ТМП-64,09.02.03_00
ТМП-81,09.02.03_00
ТМП-82,09.02.03_00
ТМП-83,09.02.03_00
ТМР-21,15.02.10_00
ТМР-22,15.02.10_00
ТР-21,11.02.01_00
ТР-22,11.02.01_00
ТР-25,11.02.01_10
ТР-41,11.02.01_00
ТР-42,11.02.01_00
ТР-61,11.02.01_00
ТР-62,11.02.01_00
ТР-81,11.02.01_00
ТР-82,11.02.01_00
ТСА-21,09.02.06_00
ТСА-22,09.02.06_00
ТСС-21,11.02.08_00
ТСС-41,11.02.08_00
ТСС-61,11.02.08_00
ТУ-21,27.02.04_00
ТУ-25,27.02.04_10
ТУ-41,27.02.04_00
ТУ-42,27.02.04_00
ТУ-61,27.02.04_00
ТУ-62,27.02.04_00
ТУ-81,27.02.04_00
ТУ-82,27.02.04_00
ТЭ-21,09.02.01_00
ТЭ-25,09.02.01_10
ТЭ-41,09.02.01_00
ТЭ-42,09.02.01_00
ТЭ-61,09.02.01_00
ТЭ-62,09.02.01_00
ТЭ-81,09.02.01_00
ПОД-111Т,020101_00
ПОД-112Т,020101_00
ПОД-113Т,020101_00
ПОД-121Т,020102_00
ПОД-122Т,020102_00
ПОД-131Т,020103_00
ПОД-132Т,020103_00
ПОД-151Т,020201_00
ПОД-152Т,020201_00
ПОД-161Т,020202_00
ПОД-162Т,020202_00
ПОД-163Т,020202_00
ПОД-164Т,020202_00
ПОД-165Т,020202_00
ПОД-171Т,020203_00
ПОД-172Т,020203_00
ФН1-21Б,01.03.04_03
ФН1-21М,01.04.04_05
ФН1-22А,02.06.01_22
ФН1-41Б,01.03.04_03
ФН1-41М,01.04.04_05
ФН1-41А,09.06.01_56
ФН1-61Б,01.03.04_03
ФН1-61А,02.06.01_22
ФН1-82А,09.06.01_06
ФН2-21Б,01.03.04_01
ФН2-22Б,01.03.04_01
ФН2-22М,01.04.04_02
ФН2-41Б,01.03.04_01
ФН2-42Б,01.03.04_01
ФН2-41М,01.04.04_01
ФН2-42М,01.04.04_02
ФН2-41А,02.06.01_23
ФН2-42А,09.06.01_36
ФН2-61Б,01.03.04_01
ФН2-62Б,01.03.04_01
ФН2-61А,09.06.01_36
ФН2-81Б,01.03.04_01
ФН2-82Б,01.03.04_01
ФН3-41А,24.06.01_06
ФН3-61А,24.06.01_06
ФН3-62А,01.06.01_54
ФН4-21Б,16.03.01_01
ФН4-22Б,16.03.01_01
ФН4-21М,16.04.01_01
ФН4-22М,16.04.01_02
ФН4-23М,16.04.01_04
ФН4-21А,01.06.01_06
ФН4-22А,03.06.01_01
ФН4-23А,03.06.01_54
ФН4-41Б,16.03.01_01
ФН4-42Б,16.03.01_01
ФН4-41М,16.04.01_01
ФН4-42М,16.04.01_02
ФН4-43М,16.04.01_04
ФН4-41А,03.06.01_04
ФН4-42А,24.06.01_05
ФН4-43А,03.06.01_53
ФН4-61Б,16.03.01_01
ФН4-62Б,16.03.01_01
ФН4-61А,03.06.01_03
ФН4-62А,03.06.01_04
ФН4-81Б,16.03.01_01
ФН4-82Б,16.03.01_01
ФН4-81А,01.06.01_06
ФН4-83А,03.06.01_03
ФН4-84А,03.06.01_04
ФН5-61А,04.06.01_01
ФН5-81А,04.06.01_01
ФН7-21А,09.06.01_13
ФН7-61А,27.06.01_23
ФН11-21Б,02.03.01_01
ФН11-22Б,02.03.01_01
ФН11-23Б,02.03.01_03
ФН11-21М,02.04.01_01
ФН11-21А,09.06.01_37
ФН11-22А,16.06.01_02
ФН11-41Б,02.03.01_01
ФН11-42Б,02.03.01_01
ФН11-43Б,02.03.01_03
ФН11-41М,02.04.01_01
ФН11-41А,09.06.01_37
ФН11-42А,02.06.01_74
ФН11-61Б,02.03.01_01
ФН11-62Б,02.03.01_01
ФН11-63Б,02.03.01_03
ФН11-61А,02.06.01_74
ФН11-62А,09.06.01_37
ФН11-63А,09.06.01_37
ФН11-81Б,02.03.01_01
ФН11-82Б,02.03.01_03
ФН11-81А,09.06.01_37
ФН11-82А,09.06.01_37
ФН12-21Б,01.03.04_02
ФН12-21М,01.04.04_03
ФН12-41Б,01.03.04_02
ФН12-41М,01.04.04_03
ФН12-61Б,01.03.04_02
ФН12-81Б,01.03.04_02
ФН12-81А,09.06.01_38
Э1-21,24.05.02_03
Э1-22,24.05.02_03
Э1-23,24.05.02_03
Э1-21А,24.06.01_25
Э1-41,24.05.02_03
Э1-42,24.05.02_03
Э1-43,24.05.02_03
Э1-41А,24.06.01_25
Э1-61,24.05.02_03
Э1-62,24.05.02_04
Э1-63,24.05.02_06
Э1-61А,24.06.01_25
Э1-81,24.05.02_03
Э1-82,24.05.02_04
Э1-101,24.05.02_03
Э1-102,24.05.02_04
Э1-109,24.05.02_94
Э1-121,24.05.02_03
Э1-122,24.05.02_04
Э1-129,24.05.02_94
Э2-21Б,13.03.03_01
Э2-22Б,13.03.03_01
Э2-21М,13.04.03_05
Э2-22М,13.04.03_06
Э2-21А,13.06.01_03
Э2-41Б,13.03.03_01
Э2-42Б,13.03.03_01
Э2-41М,13.04.03_05
Э2-42М,13.04.03_06
Э2-42А,15.06.01_45
Э2-43А,13.06.01_03
Э2-44А,09.06.01_44
Э2-61Б,13.03.03_01
Э2-62Б,13.03.03_01
Э2-61А,13.06.01_03
Э2-81Б,13.03.03_01
Э2-82Б,13.03.03_01
Э2-81А,13.06.01_03
Э3-21,24.05.02_01
Э3-22,24.05.02_01
Э3-29,24.05.02_92
Э3-41,24.05.02_01
Э3-42,24.05.02_01
Э3-61,24.05.02_01
Э3-62,24.05.02_02
Э3-69,24.05.02_92
Э3-61А,03.06.01_10
Э3-81,24.05.02_01
Э3-82,24.05.02_02
Э3-89,24.05.02_92
Э3-101,24.05.02_01
Э3-102,24.05.02_02
Э3-109,24.05.02_92
Э3-121,24.05.02_01
Э3-122,24.05.02_02
Э3-129,24.05.02_92
Э4-21Б,16.03.03_01
Э4-22Б,16.03.03_01
Э4-21,16.05.01_01
Э4-21М,16.04.03_05
Э4-22М,16.04.03_04
Э4-23М,16.04.03_02
Э4-24М,16.04.03_01
Э4-25М,16.04.03_03
Э4-21А,13.06.01_04
Э4-41Б,16.03.03_01
Э4-42Б,16.03.03_01
Э4-41,16.05.01_01
Э4-41М,16.04.03_05
Э4-42М,16.04.03_04
Э4-43М,16.04.03_02
Э4-44М,16.04.03_01
Э4-45М,16.04.03_03
Э4-41А,13.06.01_04
Э4-42А,16.06.01_11
Э4-44А,20.06.01_05
Э4-62Б,16.03.03_01
Э4-63Б,16.03.03_01
Э4-61,16.05.01_01
Э4-64,16.05.01_01
Э4-61А,13.06.01_04
Э4-82Б,16.03.03_01
Э4-83Б,16.03.03_01
Э4-81,16.05.01_01
Э4-81А,13.06.01_04
Э4-101,16.05.01_01
Э4-121,16.05.01_01
Э5-21Б,15.03.02_01
Э5-21,15.05.01_09
Э5-21М,15.04.02_01
Э5-22М,15.04.02_03
Э5-23М,15.04.02_02
Э5-21А,15.06.01_30
Э5-41Б,15.03.02_01
Э5-41,15.05.01_09
Э5-41М,15.04.02_01
Э5-42М,15.04.02_03
Э5-43М,15.04.02_02
Э5-41А,15.06.01_30
Э5-42А,15.06.01_80
Э5-62Б,15.03.02_01
Э5-61,15.05.01_09
Э5-61А,15.06.01_30
Э5-82Б,15.03.02_01
Э5-81,15.05.01_09
Э5-81А,15.06.01_30
Э5-101,15.05.01_09
Э5-121,15.05.01_09
Э6-21Б,14.03.01_01
Э6-21М,14.04.01_01
Э6-22М,14.04.01_01
Э6-21А,03.06.01_08
Э6-41Б,14.03.01_01
Э6-41М,14.04.01_01
Э6-42М,14.04.01_01
Э6-41А,24.06.01_41
Э6-42А,03.06.01_08
Э6-61Б,14.03.01_01
Э6-62Б,14.03.01_01
Э6-61А,03.06.01_08
Э6-62А,13.06.01_02
Э6-63А,24.06.01_41
Э6-81Б,14.03.01_01
Э6-81А,13.06.01_02
Э6-82А,03.06.01_08
Э7-21,14.05.01_01
Э7-22,14.05.01_01
Э7-21А,14.06.01_03
Э7-22А,14.06.01_53
Э7-41,14.05.01_01
Э7-42,14.05.01_01
Э7-41А,14.06.01_03
Э7-61,14.05.01_01
Э7-62,14.05.01_02
Э7-61А,14.06.01_03
Э7-81,14.05.01_01
Э7-82,14.05.01_02
Э7-101,14.05.01_01
Э7-102,14.05.01_02
Э7-121,14.05.01_01
Э7-122,14.05.01_02
Э7-123,14.05.01_03
Э8-21Б,16.03.02_01
Э8-22Б,16.03.02_01
Э8-21,24.05.02_05
Э8-21М,16.04.02_01
Э8-22М,16.04.02_02
Э8-22А,24.06.01_26
Э8-24А,24.06.01_76
Э8-41Б,16.03.02_01
Э8-42Б,16.03.02_01
Э8-41,24.05.02_05
Э8-41М,16.04.02_01
Э8-42М,16.04.02_02
Э8-41А,03.06.01_09
Э8-42А,24.06.01_10
Э8-43А,15.06.01_41
Э8-62Б,16.03.02_01
Э8-63Б,16.03.02_01
Э8-61,24.05.02_05
Э8-61А,13.06.01_11
Э8-63А,13.06.01_09
Э8-82Б,16.03.02_01
Э8-81,24.05.02_05
Э8-81А,13.06.01_09
Э8-101,24.05.02_05
Э8-121,24.05.02_05
Э9-21Б,20.03.01_01
Э9-22Б,20.03.01_01
Э9-21М,20.04.01_01
Э9-22М,20.04.01_02
Э9-23М,20.04.01_03
Э9-24М,20.04.01_04
Э9-21А,19.06.01_01
Э9-22А,20.06.01_02
Э9-23А,05.06.01_51
Э9-41Б,20.03.01_01
Э9-42Б,20.03.01_01
Э9-41М,20.04.01_01
Э9-42М,20.04.01_02
Э9-43М,20.04.01_03
Э9-44М,20.04.01_04
Э9-45М,20.04.01_05
Э9-41А,19.06.01_01
Э9-61Б,20.03.01_01
Э9-62Б,20.03.01_02
Э9-63Б,20.03.01_03
Э9-62А,19.06.01_01
Э9-81Б,20.03.01_01
Э9-82Б,20.03.01_02
Э9-83Б,20.03.01_03
Э9-82А,20.06.01_02
Э9-83А,20.06.01_03
Э10-21Б,13.03.03_02
Э10-22Б,13.03.03_02
Э10-21М,13.04.03_02
Э10-22М,13.04.03_03
Э10-21А,15.06.01_31
Э10-22А,15.06.01_81
Э10-41Б,13.03.03_02
Э10-42Б,13.03.03_02
Э10-41М,13.04.03_02
Э10-42М,13.04.03_03
Э10-41А,15.06.01_31
Э10-61Б,13.03.03_02
Э10-62Б,13.03.03_02
Э10-61А,15.06.01_31
Э10-81Б,13.03.03_02
Э10-82Б,13.03.03_02
Э10-81А,15.06.01_31
ЮР-21,40.05.03_01
ЮР-22,40.05.03_01
ЮР-23,40.05.03_01
ЮР-24,40.05.03_01
ЮР-21М,27.04.08_01
ЮР-41,40.05.03_01
ЮР-42,40.05.03_01
ЮР-43,40.05.03_01
ЮР-44,40.05.03_01
ЮР-45,40.05.03_01
ЮР-41М,27.04.08_01
ЮР-61,40.05.03_01
ЮР-62,40.05.03_01
ЮР-63,40.05.03_01
ЮР-64,40.05.03_01
ЮР-65,40.05.03_01
ЮР-81,40.05.03_01
ЮР-82,40.05.03_01
ЮР-83,40.05.03_01
ЮР-84,40.05.03_01
ЮР-101,40.05.03_01
ЮР-102,40.05.03_01
ЮР-103,40.05.03_01
К1-21Б,27.03.04_31
К1-21,24.05.06_31
К1-21М,27.04.04_31
К1-41Б,27.03.04_31
К1-41,24.05.06_31
К1-41М,27.04.04_31
К1-61Б,27.03.04_31
К1-61,24.05.06_31
К1-81Б,27.03.04_31
К1-81,24.05.06_31
К1-101,24.05.06_31
К2-21Б,12.03.01_31
К2-21М,12.04.01_31
К2-41Б,12.03.01_31
К2-41М,12.04.01_31
К2-61Б,12.03.01_31
К2-62Б,27.03.01_31
К2-81Б,12.03.01_31
К2-82Б,12.03.01_31
К2-83Б,27.03.01_31
К3-21Б,01.03.02_31
К3-22Б,09.03.01_31
К3-23Б,09.03.01_31
К3-24Б,09.03.01_31
К3-25Б,01.03.02_31
К3-21М,01.04.02_31
К3-22М,09.04.01_31
К3-21А,09.06.01_97
К3-41Б,09.03.01_31
К3-42Б,09.03.01_31
К3-41М,01.04.02_31
К3-42М,09.04.01_31
К3-61Б,09.03.01_31
К3-62Б,09.03.01_31
К3-81Б,01.03.02_31
К3-82Б,01.03.02_31
К3-83Б,09.03.01_31
К3-84Б,09.03.01_31
К3-81А,09.06.01_47
К4-21Б,38.03.01_34
К4-22Б,38.03.01_33
К4-24Б,38.03.02_31
К4-21М,38.04.01_31
К4-22М,38.04.01_34
К4-24М,38.04.02_31
К4-41Б,38.03.01_34
К4-42Б,38.03.01_33
К4-47Б,38.03.02_31
К4-41М,38.04.01_31
К4-42М,38.04.01_34
К4-61Б,38.03.01_34
К4-62Б,38.03.01_33
К4-63Б,38.03.01_32
К4-67Б,38.03.02_31
К4-68Б,38.03.02_31
К4-81Б,38.03.01_34
К4-82Б,38.03.01_33
К4-83Б,38.03.01_32
К4-84Б,38.03.01_31
К4-85Б,38.03.01_34
К4-86Б,38.03.01_34
К4-87Б,38.03.02_31
К4-88Б,38.03.02_31
К4-89Б,38.03.02_31
К4-8.10Б,38.03.01_54
К4-8.11Б,38.03.01_52
К4-8.13Б,38.03.02_51
К4-8.14Б,38.03.01_51
К4-8.15Б,38.03.01_56
К4-8.16Б (О),38.03.01_43
К4-10.10Б,38.03.01_54
К4-10.11Б,38.03.01_52
К4-10.12Б,38.03.01_54
К4-10.13Б,38.03.02_51
К5-21Б,45.03.02_31
К5-61Б,45.03.02_31
К5-81Б,45.03.02_31
К5-82Б,45.03.02_31
К6-21А,09.06.01_50
К6-41А,09.06.01_50
К7-21Б,44.03.04_33
К7-22Б,44.03.04_32
К7-43Б,44.03.04_32
К7-61Б,44.03.04_33
К7-63Б,44.03.04_32
К7-64Б,44.03.04_53
К7-81Б,44.03.04_33
К7-82Б,44.03.04_31
К7-83Б,44.03.04_32
К7-84Б,44.03.04_52
К7-85Б,44.03.04_51
К7-104Б,44.03.04_52
ЛТ1-21Б,35.03.01_32
ЛТ1-21М,35.04.01_32
ЛТ1-41Б,35.03.01_32
ЛТ1-41М,35.04.01_32
ЛТ1-41А,06.06.01_52
ЛТ1-61Б,35.03.01_32
ЛТ1-62Б,35.03.01_35
ЛТ1-61А,35.06.02_01
ЛТ1-81Б,35.03.01_32
ЛТ1-81А,35.06.02_07
ЛТ2-21Б,35.03.01_31
ЛТ2-22Б,35.03.01_31
ЛТ2-21М,35.04.01_31
ЛТ2-21А,06.06.01_01
ЛТ2-22А,06.06.01_51
ЛТ2-42Б,35.03.01_31
ЛТ2-41М,35.04.01_31
ЛТ2-61Б,35.03.01_31
ЛТ2-62Б,35.03.01_31
ЛТ2-67Б,35.03.01_51
ЛТ2-81Б,35.03.01_31
ЛТ2-82Б,35.03.01_31
ЛТ2-85Б,35.03.01_52
ЛТ2-87Б,35.03.01_51
ЛТ2-81А,35.06.02_02
ЛТ2-82А,06.06.01_01
ЛТ2-107Б,35.03.01_51
ЛТ3-21Б,35.03.01_33
ЛТ3-21М,35.04.01_33
ЛТ3-21А,35.06.02_55
ЛТ3-41Б,35.03.01_33
ЛТ3-41М,35.04.01_33
ЛТ3-61Б,35.03.01_33
ЛТ3-67Б,35.03.01_54
ЛТ3-82Б,35.03.01_33
ЛТ3-87Б,35.03.01_54
ЛТ3-107Б,35.03.01_54
ЛТ4-21Б,35.03.02_31
ЛТ4-22Б,35.03.02_31
ЛТ4-23Б,35.03.02_31
ЛТ4-25Б,23.03.03_31
ЛТ4-21М,35.04.02_31
ЛТ4-22М,35.04.02_31
ЛТ4-21А,35.06.04_02
ЛТ4-41Б,35.03.02_31
ЛТ4-42Б,35.03.02_31
ЛТ4-43Б,35.03.02_31
ЛТ4-45Б,23.03.03_31
ЛТ4-41М,35.04.02_31
ЛТ4-42М,35.04.02_31
ЛТ4-61Б,35.03.02_31
ЛТ4-62Б,35.03.02_31
ЛТ4-63Б,35.03.02_31
ЛТ4-65Б,23.03.03_31
ЛТ4-67Б,35.03.02_51
ЛТ4-81Б,35.03.02_31
ЛТ4-82Б,35.03.02_31
ЛТ4-83Б,35.03.02_31
ЛТ4-84Б,35.03.02_31
ЛТ4-85Б,23.03.03_31
ЛТ4-87Б,35.03.02_51
ЛТ4-88Б,15.03.01_51
ЛТ4-107Б,35.03.02_51
ЛТ6-21Б,35.03.10_31
ЛТ6-22Б,35.03.10_31
ЛТ6-23Б,35.03.10_31
ЛТ6-21М,35.04.09_31
ЛТ6-22М,35.04.09_31
ЛТ6-21А,35.06.02_56
ЛТ6-41Б,35.03.10_31
ЛТ6-42Б,35.03.10_31
ЛТ6-43Б,35.03.10_31
ЛТ6-41М,35.04.09_31
ЛТ6-42М,35.04.09_31
ЛТ6-41А,35.06.02_06
ЛТ6-61Б,35.03.10_31
ЛТ6-62Б,35.03.10_31
ЛТ6-64Б,35.03.10_31
ЛТ6-67Б,35.03.10_51
ЛТ6-68Б,35.03.10_51
ЛТ6-61А,35.06.02_06
ЛТ6-81Б,35.03.10_31
ЛТ6-82Б,35.03.10_31
ЛТ6-83Б,35.03.10_52
ЛТ6-84Б,35.03.10_31
ЛТ6-87Б (О),35.03.10_41
ЛТ6-88Б,35.03.10_51
ЛТ6-108Б,35.03.10_51
ЛТ7-21Б,15.03.02_31
ЛТ7-41Б,15.03.02_31
ЛТ7-61Б,15.03.02_31
ЛТ7-62Б,15.03.02_31
ЛТ7-67Б,15.03.02_51
ЛТ7-81Б,15.03.02_31
ЛТ7-87Б,15.03.02_51
ЛТ7-89Б,15.03.02_53
ЛТ7-107Б,15.03.02_51
ЛТ8-21Б,35.03.02_32
ЛТ8-22Б,35.03.02_32
ЛТ8-23Б,35.03.02_32
ЛТ8-21М,35.04.02_32
ЛТ8-22М,35.04.02_32
ЛТ8-21А,35.06.04_53
ЛТ8-41Б,35.03.02_32
ЛТ8-42Б,35.03.02_32
ЛТ8-43Б,35.03.02_32
ЛТ8-41М,35.04.02_32
ЛТ8-42М,35.04.02_32
ЛТ8-61Б,35.03.02_32
ЛТ8-62Б,35.03.02_32
ЛТ8-63Б,35.03.02_32
ЛТ8-67Б,35.03.02_52
ЛТ8-81Б,35.03.02_32
ЛТ8-82Б,35.03.02_32
ЛТ8-83Б,35.03.02_32
ЛТ8-87Б,35.03.02_52
ЛТ8-107Б,35.03.02_52
ЛТ9-21Б,18.03.01_31
ЛТ9-22Б,18.03.01_31
ЛТ9-41Б,18.03.01_31
ЛТ9-42Б,18.03.01_31
ЛТ9-61Б,18.03.01_31
ЛТ9-81Б,18.03.01_31
ЛТ9-82Б,18.03.01_31
ЛТ10-21Б,15.03.04_31
ЛТ10-22Б,15.03.04_31
ЛТ10-23Б,15.03.02_32
ЛТ10-41Б,15.03.04_31
ЛТ10-42Б,15.03.04_31
ЛТ10-43Б,15.03.02_32
ЛТ10-61Б,15.03.04_31
ЛТ10-63Б,15.03.02_32
ЛТ10-64Б,15.03.02_32
ЛТ10-67Б,15.03.02_52
ЛТ10-81Б,15.03.04_31
ЛТ10-83Б,15.03.02_32
ЛТ10-85Б,15.03.04_51
ЛТ10-87Б,15.03.02_52
ЛТ10-107Б,15.03.02_52
ЛТс6-61Б,35.03.01_33
ЛТс9-101А,35.06.02_53